data;codigo;abertura;maxima;minima;fechamento;vol_quantidade
2021-08-03;PETR4;26,36;26,87;25,79;26,85;1889835624
2021-08-02;PETR4;27,2;27,41;26,37;26,41;1881878263
2021-07-30;PETR4;27,6;27,83;26,83;26,91;2005852700
2021-07-29;PETR4;27,8;27,92;27,5;27,81;1210777154
2021-07-28;PETR4;27,43;27,9;27,2;27,71;1285148055
2021-07-27;PETR4;27,35;27,4;26,9;27,15;1403436771
2021-07-26;PETR4;26,74;27,47;26,72;27,47;1262303685
2021-07-23;PETR4;27,1;27,17;26,68;26,74;907641317
2021-07-22;PETR4;27;27,22;26,71;26,9;1008541681
2021-07-21;PETR4;26,79;27,24;26,59;26,96;1353638647
2021-07-20;PETR4;26,19;26,94;25,9;26,59;1671167979
2021-07-19;PETR4;25,97;26,45;25,86;26,24;2083298983
2021-07-16;PETR4;27,23;27,38;26,58;26,68;1815712858
2021-07-15;PETR4;27,49;27,63;26,92;27,08;1843424942
2021-07-14;PETR4;28,1;28,2;27,54;27,67;1430049849
2021-07-13;PETR4;27,56;27,97;27,38;27,9;1140578807
2021-07-12;PETR4;27,58;27,78;27,28;27,73;1445425492
2021-07-08;PETR4;27,4;27,68;27,27;27,49;2202104751
2021-07-07;PETR4;28,15;28,15;27,41;28,05;2046637741
2021-07-06;PETR4;28,7;28,8;27,67;27,67;2721314437
2021-07-05;PETR4;29,01;29,16;28,37;28,85;1605399940
2021-07-02;PETR4;29,3;29,38;28,73;29,18;1081631408
2021-07-01;PETR4;29,74;29,88;28,92;29,06;1896635608
2021-06-30;PETR4;29,03;29,57;28,92;29,43;2083196259
2021-06-29;PETR4;29,09;29,18;28,74;29,18;1251069418
2021-06-28;PETR4;29,18;29,27;28,67;29,05;1163061412
2021-06-25;PETR4;29,69;29,79;28,95;29,1;2485028652
2021-06-24;PETR4;29,49;29,65;29,22;29,65;1505246872
2021-06-23;PETR4;29,25;29,52;29;29,3;1673238622
2021-06-22;PETR4;29;29,27;28,67;29,1;1198653186
2021-06-21;PETR4;28,4;29;28,4;28,95;1453460484
2021-06-18;PETR4;28;28,42;27,64;28,32;3219860756
2021-06-17;PETR4;29,01;29,2;27,91;28,13;2682712594
2021-06-16;PETR4;29,08;29,29;28,77;29,14;2230444701
2021-06-15;PETR4;28,96;29,06;28,63;29,03;1222986237
2021-06-14;PETR4;28,9;29,35;28,61;28,75;1855983374
2021-06-11;PETR4;28,8;28,85;28,26;28,57;1567087164
2021-06-10;PETR4;28,83;29,03;28,57;28,68;1027261160
2021-06-09;PETR4;28,72;29,08;28,52;28,66;1742254999
2021-06-08;PETR4;28,17;28,8;27,96;28,66;2514476955
2021-06-07;PETR4;28,5;28,55;28,01;28,29;2092156733
2021-06-04;PETR4;28,06;28,62;27,92;28,5;2906118226
2021-06-02;PETR4;27,35;28,07;27,26;28,06;2861498083
2021-06-01;PETR4;27,4;27,7;27,01;27,29;2457620595
2021-05-31;PETR4;26,96;27,2;26,78;26,87;1238831371
2021-05-28;PETR4;26,2;27,02;26,15;26,99;3451162373
2021-05-27;PETR4;26,08;26,25;25,77;25,91;1259234168
2021-05-26;PETR4;25,91;26,18;25,65;26,09;1198655674
2021-05-25;PETR4;26,48;26,62;25,78;25,84;1651655129
2021-05-24;PETR4;26,28;26,52;25,99;26,39;1653280727
2021-05-21;PETR4;26,08;26,31;25,94;25,95;2119742506
2021-05-20;PETR4;26,15;26,28;25,72;25,93;1840933301
2021-05-19;PETR4;25,85;26,35;25,8;26,15;2201170682
2021-05-18;PETR4;26,7;26,8;26,27;26,35;1641754534
2021-05-17;PETR4;26,3;26,66;26,2;26,66;2196291768
2021-05-14;PETR4;25,8;26,38;25,55;26,28;5076946270
2021-05-13;PETR4;24,76;25,1;24,43;24,99;1901721834
2021-05-12;PETR4;24,95;25,53;24,69;24,78;2237265689
2021-05-11;PETR4;24,44;25,17;24,32;25,15;1825115750
2021-05-10;PETR4;24,8;24,98;24,58;24,7;1824735202
2021-05-07;PETR4;23,64;24,45;23,46;24,38;1774400414
2021-05-06;PETR4;23,71;23,85;23,4;23,5;1265034466
2021-05-05;PETR4;23,17;23,95;23,12;23,83;1788355655
2021-05-04;PETR4;23,54;23,64;22,88;22,89;1013463926
2021-05-03;PETR4;23,8;23,81;23,3;23,43;1126989197
2021-04-30;PETR4;23,4;23,93;23,28;23,62;1429981587
2021-04-29;PETR4;24,12;24,29;23,42;23,62;1166058337
2021-04-28;PETR4;23,4;24,09;23,36;23,94;1565378276
2021-04-27;PETR4;23,82;24,17;23,1;23,1;1784251083
2021-04-26;PETR4;23,85;24,05;23,61;23,78;785883733
2021-04-23;PETR4;23,88;23,94;23,51;23,69;1418138816
2021-04-22;PETR4;24,14;24,19;23,65;23,71;1102934913
2021-04-20;PETR4;24,33;24,59;23,76;23,82;2256701218
2021-04-19;PETR4;22,95;24,89;22,77;24,28;4701099213
2021-04-16;PETR4;23,13;23,24;22,81;22,95;1360243387
2021-04-15;PETR4;23,7;23,83;23,02;23,09;1488038653
2021-04-14;PETR4;23,41;23,78;23,2;23,56;2198727541
2021-04-13;PETR4;23,2;23,33;22,92;23,19;1263757354
2021-04-12;PETR4;23,18;23,58;23,01;23,11;1202200377
2021-04-09;PETR4;22,74;23,01;22,61;22,88;1106942103
2021-04-08;PETR4;23,2;23,26;22,61;22,93;1485724616
2021-04-07;PETR4;23,16;23,55;23,15;23,22;1328541386
2021-04-06;PETR4;23,39;23,58;23,13;23,24;1097015024
2021-04-05;PETR4;23,35;23,41;22,91;23,26;960726081
2021-04-01;PETR4;23,5;23,6;23,01;23,11;1122933860
2021-03-31;PETR4;23,03;23,44;23,01;23,32;1646140041
2021-03-30;PETR4;22,87;23,21;22,8;23,05;973239163
2021-03-29;PETR4;22,58;23,05;22,52;23,05;1172414763
2021-03-26;PETR4;22,72;23,1;22,36;22,7;1426447783
2021-03-25;PETR4;21,96;22,54;21,44;22,45;1791127537
2021-03-24;PETR4;22,44;22,77;22,08;22,08;1442781443
2021-03-23;PETR4;22,42;22,86;22,06;22,06;1308812389
2021-03-22;PETR4;22,92;23,01;22,47;22,75;1026926174
2021-03-19;PETR4;22,51;23,26;22,43;23,22;2132933345
2021-03-18;PETR4;23,1;23,12;22,32;22,48;1805375170
2021-03-17;PETR4;22,39;23,35;22,36;23,3;1849710549
2021-03-16;PETR4;22,86;22,91;22,47;22,52;1009512636
2021-03-15;PETR4;22,36;22,9;22,35;22,88;1579457446
2021-03-12;PETR4;22,4;22,62;22,12;22,42;1572036985
2021-03-11;PETR4;21,88;22,73;21,87;22,53;3014643051
2021-03-10;PETR4;21,23;21,61;20,88;21,61;2463946132
2021-03-09;PETR4;20,67;21,24;20,18;20,89;2636658729
2021-03-08;PETR4;21,23;21,56;20,28;20,41;3057368550
2021-03-05;PETR4;21,71;22,46;21,56;21,66;2852965385
2021-03-04;PETR4;20,61;21,67;20,43;21,5;2811816753
2021-03-03;PETR4;21,09;21,18;19,81;20,5;3915574854
2021-03-02;PETR4;21,13;21,6;20;21,27;3185458724
2021-03-01;PETR4;22,06;22,29;21,21;21,28;2026976758
2021-02-26;PETR4;22,45;22,66;21,26;21,52;3594457379
2021-02-25;PETR4;24,19;24,43;22,35;22,44;4117029584
2021-02-24;PETR4;23,75;24,19;23,23;23,61;3798220505
2021-02-23;PETR4;22,3;23,47;21,97;23,28;6890228721
2021-02-22;PETR4;22,06;22,45;20,7;20,75;10803725740
2021-02-19;PETR4;27,12;27,56;26,29;26,44;5979822456
2021-02-18;PETR4;29,39;29,91;28,1;28,32;3151222691
2021-02-17;PETR4;27,59;28,64;27,22;28,63;1593062307
2021-02-12;PETR4;26,91;27,56;26,71;27,51;1347612787
2021-02-11;PETR4;27,22;27,57;26,96;27,17;1726755916
2021-02-10;PETR4;26,84;27,13;26,24;26,9;1461264760
2021-02-09;PETR4;27,14;27,45;26,49;26,64;1765051950
2021-02-08;PETR4;27,58;28,35;26,9;27,2;2804707429
2021-02-05;PETR4;28,04;29,11;27,4;28,08;3554663926
2021-02-04;PETR4;27,89;28,05;27,29;27,88;1186185840
2021-02-03;PETR4;28,04;28,19;27,73;27,91;1371113989
2021-02-02;PETR4;27,48;28,19;27,28;27,73;2629121265
2021-02-01;PETR4;26,37;26,78;25,96;26,63;1212572158
2021-01-29;PETR4;26,62;26,78;25,82;25,82;1833378261
2021-01-28;PETR4;26,43;27,52;26,42;26,86;1891093802
2021-01-27;PETR4;25,94;27,25;25,67;26,49;1874696873
2021-01-26;PETR4;26,36;27,06;25,95;26,12;1765519784
2021-01-22;PETR4;26,05;26,35;25,7;26,21;1378561540
2021-01-21;PETR4;27,11;27,48;26,62;26,65;1147795003
2021-01-20;PETR4;28,01;28,17;27,2;27,29;1719707068
2021-01-19;PETR4;27,55;27,92;26,74;27,76;1746648372
2021-01-18;PETR4;27,39;27,91;27,1;27,16;1952231828
2021-01-15;PETR4;28,11;28,13;27,12;27,21;2287350961
2021-01-14;PETR4;28,22;28,7;27,79;28,49;1485213200
2021-01-13;PETR4;29,68;29,86;28,06;28,2;2778117882
2021-01-12;PETR4;30,11;30,53;29,63;29,63;2037322999
2021-01-11;PETR4;29,61;30,05;29,41;29,86;1498912235
2021-01-08;PETR4;30,44;30,73;29,36;30,11;2084999758
2021-01-07;PETR4;29,35;30,14;29,35;29,99;1730397179
2021-01-06;PETR4;29,18;29,89;29,07;29,09;2947101588
2021-01-05;PETR4;27,96;29,2;27,32;29,06;2794814248
2021-01-04;PETR4;27,72;28,23;27,6;27,97;2153768758
2020-12-30;PETR4;27,43;27,56;27,28;27,42;1047992204
2020-12-29;PETR4;27,46;27,51;27,08;27,35;843347519
2020-12-28;PETR4;27,44;27,59;27,26;27,26;1027840686
2020-12-23;PETR4;26,54;27,33;26,46;27,04;1368938709
2020-12-22;PETR4;26,32;26,58;26,17;26,39;1268321403
2020-12-21;PETR4;26,31;26,6;25,66;26,14;2710076512
2020-12-18;PETR4;27,19;27,4;27,11;27,19;1259848450
2020-12-17;PETR4;27,38;27,47;27,16;27,32;1109251565
2020-12-16;PETR4;26,94;27,32;26,58;27,27;1660053296
2020-12-15;PETR4;26,9;27,08;26,74;26,94;1312854469
2020-12-14;PETR4;27,12;27,35;26,72;26,72;1480628645
2020-12-11;PETR4;26,6;26,93;26,39;26,67;1331257361
2020-12-10;PETR4;26,31;27,28;26,25;26,92;2707261325
2020-12-09;PETR4;25,76;26,09;25,54;26,06;1401161291
2020-12-08;PETR4;25,94;26,26;25,6;25,79;1240076607
2020-12-07;PETR4;26,38;26,89;25,8;26,12;1978851776
2020-12-04;PETR4;26,31;26,67;26,18;26,63;1687791292
2020-12-03;PETR4;25,3;26,02;25,2;25,77;1654356747
2020-12-02;PETR4;24,77;25,64;24,51;25,07;2288391710
2020-12-01;PETR4;24,57;24,93;24,47;24,77;1501854917
2020-11-30;PETR4;24,44;25,04;24,03;24,09;2278333176
2020-11-27;PETR4;25,08;25,21;24,62;24,67;1286405487
2020-11-26;PETR4;25,1;25,11;24,73;24,98;1079657760
2020-11-25;PETR4;25,35;25,64;24,84;25,4;1931451020
2020-11-24;PETR4;24,81;25,8;24,81;25,37;4009199522
2020-11-23;PETR4;23,27;24,28;23,26;24,28;3091939810
2020-11-20;PETR4;23,06;23,21;22,71;22,88;903627848
2020-11-19;PETR4;22,78;23,16;22,61;23,05;1546763533
2020-11-18;PETR4;23,21;23,35;22,78;22,78;1637514658
2020-11-17;PETR4;22,3;23,35;22,23;22,92;2228588485
2020-11-16;PETR4;22,45;22,86;22,38;22,53;2374205762
2020-11-13;PETR4;21,3;22,06;21,18;21,89;1484286956
2020-11-12;PETR4;22;22,08;21,06;21,2;1714848318
2020-11-11;PETR4;22,59;22,6;21,67;22,14;2115770248
2020-11-10;PETR4;21,18;22,4;21,1;22,33;3722933489
2020-11-09;PETR4;20,42;21,95;20,36;20,91;3580095773
2020-11-06;PETR4;18,91;19,3;18,9;19,11;736571992
2020-11-05;PETR4;19,3;19,34;19,08;19,24;812147767
2020-11-04;PETR4;19,36;19,42;18,64;19,08;1293673897
2020-11-03;PETR4;18,88;19,25;18,7;19,01;1300334321
2020-10-30;PETR4;18,52;18,9;18,26;18,32;1215778220
2020-10-29;PETR4;17,83;18,74;17,16;18,66;1592209307
2020-10-28;PETR4;18,72;18,81;18,06;18,06;1492565734
2020-10-27;PETR4;19,6;19,71;19,17;19,23;948147968
2020-10-26;PETR4;19,67;19,86;19,38;19,59;1166593979
2020-10-23;PETR4;20,26;20,45;19,87;19,9;1274407329
2020-10-22;PETR4;19,45;20,16;19,4;20,16;2027517975
2020-10-21;PETR4;19,5;19,67;19,19;19,5;1207242078
2020-10-20;PETR4;19,03;19,61;18,95;19,52;1358614883
2020-10-19;PETR4;18,78;19,29;18,62;18,89;2109380929
2020-10-16;PETR4;19,03;19,07;18,69;18,7;956267924
2020-10-15;PETR4;18,98;19,13;18,81;19,11;1104788775
2020-10-14;PETR4;19,44;19,71;19,32;19,32;884981617
2020-10-13;PETR4;19,26;19,48;19,09;19,48;1094618590
2020-10-09;PETR4;19,68;19,73;19,16;19,16;1347227561
2020-10-08;PETR4;19,39;19,92;19,21;19,78;1567616939
2020-10-07;PETR4;19,35;19,4;18,92;19,15;1049009754
2020-10-06;PETR4;19,8;20,03;19,28;19,28;1549755321
2020-10-05;PETR4;18,73;19,5;18,61;19,38;1433525029
2020-10-02;PETR4;19,09;19,1;18,4;18,4;1619093170
2020-10-01;PETR4;19;19,41;18,51;19,2;1491897388
2020-09-30;PETR4;18,87;19,39;18,8;18,97;1359588778
2020-09-29;PETR4;18,99;19,21;18,62;18,68;1023226239
2020-09-28;PETR4;19,67;19,89;18,99;18,99;966695111
2020-09-25;PETR4;19,49;19,6;19,22;19,48;801345306
2020-09-24;PETR4;19,58;20,04;19,41;19,74;1543972047
2020-09-23;PETR4;20,12;20,28;19,54;19,57;1161001387
2020-09-22;PETR4;20,28;20,66;20,08;20,12;979441645
2020-09-21;PETR4;20,6;20,76;20,13;20,22;1530629739
2020-09-18;PETR4;21,27;21,43;20,85;20,95;1387130804
2020-09-17;PETR4;20,81;21,45;20,76;21,43;1312930947
2020-09-16;PETR4;21,14;21,27;20,9;21,02;1091176656
2020-09-15;PETR4;21,27;21,36;20,85;20,97;1266883181
2020-09-14;PETR4;21,23;21,27;20,73;20,97;989272871
2020-09-11;PETR4;21,4;21,54;21,04;21,17;1547577286
2020-09-10;PETR4;21,85;21,85;21,39;21,4;1272754459
2020-09-09;PETR4;21,76;22,03;21,76;21,99;948070920
2020-09-08;PETR4;21,77;21,77;21,2;21,54;1641286236
2020-09-04;PETR4;22,25;22,28;21,85;22,17;1183964208
2020-09-03;PETR4;21,87;22,37;21,84;22,14;1997120262
2020-09-02;PETR4;22,18;22,35;21,79;22,06;1209697547
2020-09-01;PETR4;21,48;22,15;21,4;22,13;1490722780
2020-08-31;PETR4;21,59;21,7;21,18;21,18;1052706363
2020-08-28;PETR4;21,53;21,81;21,34;21,81;685287905
2020-08-27;PETR4;21,59;21,74;21,32;21,43;775794263
2020-08-26;PETR4;22,04;22,16;21,32;21,5;1550377232
2020-08-25;PETR4;22,34;22,4;21,95;22,13;858697139
2020-08-24;PETR4;22,12;22,38;22,06;22,22;1181549183
2020-08-21;PETR4;21,81;21,89;21,62;21,83;859552366
2020-08-20;PETR4;21,79;22,13;21,62;21,99;1239613526
2020-08-19;PETR4;22,2;22,56;22,01;22,15;1189810805
2020-08-18;PETR4;22,18;22,48;22,03;22,27;1129760324
2020-08-17;PETR4;21,94;22,1;21,43;21,86;1160308980
2020-08-14;PETR4;22,03;22,23;21,8;21,93;868509422
2020-08-13;PETR4;22,69;22,81;21,97;22,1;1018523957
2020-08-12;PETR4;22,6;22,91;22,33;22,72;1552989356
2020-08-11;PETR4;22,94;23,1;22,31;22,33;1554047212
2020-08-10;PETR4;22,16;22,69;21,9;22,69;1201363655
2020-08-07;PETR4;22,12;22,16;21,82;22,05;1263582812
2020-08-06;PETR4;22,52;22,76;22,26;22,46;1304143228
2020-08-05;PETR4;21,51;22,52;21,51;22,43;3151006222
2020-08-04;PETR4;20,76;21,33;20,56;21,07;1357879445
2020-08-03;PETR4;21,81;21,82;21,01;21,09;1379855356
2020-07-31;PETR4;22,17;22,39;21,44;21,48;1687568709
2020-07-30;PETR4;22,17;22,17;21,77;22,08;1304565625
2020-07-29;PETR4;22,28;22,49;22,17;22,42;1009204580
2020-07-28;PETR4;22,29;22,56;22,06;22,06;1093993715
2020-07-27;PETR4;22,13;22,49;21,72;22,45;1288230925
2020-07-24;PETR4;21,81;22,31;21,69;21,99;973211266
2020-07-23;PETR4;22,41;22,47;21,81;21,84;1456017469
2020-07-22;PETR4;22,54;22,65;22,26;22,3;991033431
2020-07-21;PETR4;22,4;22,83;22,39;22,61;2367800460
2020-07-20;PETR4;21,96;22,16;21,79;22;1101467437
2020-07-17;PETR4;22,09;22,28;21,85;22;1125320538
2020-07-16;PETR4;22,41;22,52;21,79;21,98;1574362460
2020-07-15;PETR4;22,44;22,67;22,11;22,58;1347222700
2020-07-14;PETR4;21,41;22,21;21,15;22,15;2010086755
2020-07-13;PETR4;21,87;21,91;21,44;21,44;1228024870
2020-07-10;PETR4;21,47;21,91;21,34;21,78;1275004072
2020-07-09;PETR4;22,04;22,07;21,34;21,42;1263468093
2020-07-08;PETR4;21,72;22,02;21,67;21,91;1101905388
2020-07-07;PETR4;21,61;21,74;21,42;21,51;1033238537
2020-07-06;PETR4;21,66;22,12;21,58;21,78;1299613176
2020-07-03;PETR4;21,24;21,46;21,09;21,26;520556761
2020-07-02;PETR4;21,38;21,49;21,15;21,34;1235936700
2020-07-01;PETR4;21,04;21,53;20,82;21;1720581512
2020-06-30;PETR4;20,65;21,09;20,4;20,85;1388510308
2020-06-29;PETR4;20,41;20,96;20,25;20,96;1272253199
2020-06-26;PETR4;20,52;20,77;20,1;20,16;1146939665
2020-06-25;PETR4;20,23;20,77;20,06;20,77;988350301
2020-06-24;PETR4;20,79;20,86;20,04;20,32;1371542518
2020-06-23;PETR4;20,53;21,35;20,45;20,95;1697576491
2020-06-22;PETR4;20,9;20,9;20,22;20,27;942344134
2020-06-19;PETR4;21,28;21,5;20,53;20,77;1950789215
2020-06-18;PETR4;20,49;21,06;20,39;20,9;1216379073
2020-06-17;PETR4;20,78;21,14;20,46;20,74;1342506152
2020-06-16;PETR4;20,86;21,2;20,48;20,67;2028535637
2020-06-15;PETR4;19,17;20,4;18,9;20,03;2011545324
2020-06-12;PETR4;19,95;20,48;19,45;19,93;2386430837
2020-06-10;PETR4;21,18;21,19;20,32;20,7;2177953347
2020-06-09;PETR4;21,31;21,32;20,94;21,01;2083131737
2020-06-08;PETR4;21,82;21,85;21,29;21,8;1818233285
2020-06-05;PETR4;21,56;22,28;21,34;21,38;2531686201
2020-06-04;PETR4;20,69;21,07;20,36;20,73;2288555371
2020-06-03;PETR4;21,15;21,2;20,71;20,77;1852274468
2020-06-02;PETR4;20,07;20,7;19,93;20,7;1592479431
2020-06-01;PETR4;19,49;19,89;19,35;19,67;1752609822
2020-05-29;PETR4;18,91;19,68;18,67;19,68;2528729698
2020-05-28;PETR4;19,05;19,43;18,82;19,13;1272502608
2020-05-27;PETR4;19,16;19,28;18,53;19,28;1450617272
2020-05-26;PETR4;19,33;19,44;18,7;19,03;1346880695
2020-05-25;PETR4;18,85;18,92;18,63;18,85;731218164
2020-05-22;PETR4;18,19;18,28;17,75;18,06;1281506547
2020-05-21;PETR4;18,87;19,13;18,45;18,57;1570079052
2020-05-20;PETR4;18,47;18,81;18,44;18,67;1427671787
2020-05-19;PETR4;17,91;18,31;17,81;18,07;1492860069
2020-05-18;PETR4;17,51;17,94;17,34;17,94;2125529789
2020-05-15;PETR4;17,4;17,6;16,59;16,59;2353244299
2020-05-14;PETR4;16,83;16,9;16,18;16,83;2028535738
2020-05-13;PETR4;17,67;17,75;16,95;17,02;1541083705
2020-05-12;PETR4;17,93;18,22;17,54;17,55;1301879881
2020-05-11;PETR4;17,7;18,31;17,52;17,56;1190469275
2020-05-08;PETR4;17,16;17,98;17,13;17,88;1510029650
2020-05-07;PETR4;17,17;17,29;16,79;16,87;1424664109
2020-05-06;PETR4;17,29;17,47;16,72;16,72;1175498559
2020-05-05;PETR4;17,32;17,88;17,29;17,36;1357031494
2020-05-04;PETR4;16,86;17,05;16,62;16,81;1037384123
2020-04-30;PETR4;17,39;17,82;17,12;17,46;1433551177
2020-04-29;PETR4;17,22;17,88;16,96;17,61;1699549481
2020-04-28;PETR4;16,49;16,69;16,09;16,69;1550873151
2020-04-27;PETR4;15,61;15,99;15,27;15,91;1386202430
2020-04-24;PETR4;16,15;16,24;14,78;15,43;2559344892
2020-04-23;PETR4;16,64;16,86;16,08;16,4;1613123024
2020-04-22;PETR4;15,33;16,2;15,27;16,2;1863750569
2020-04-20;PETR4;14,98;15,8;14,84;15,43;2106752572
2020-04-17;PETR4;15,24;15,61;15,05;15,61;1839093806
2020-04-16;PETR4;16,13;16,21;15,02;15,21;1807112103
2020-04-15;PETR4;15,52;15,93;15,34;15,85;1396329390
2020-04-14;PETR4;16,47;16,74;16,07;16,19;1535183593
2020-04-13;PETR4;16,27;16,53;15,8;16,38;1562612069
2020-04-09;PETR4;17,36;18,08;15,96;16,27;3248983070
2020-04-08;PETR4;15,96;16,96;15,87;16,76;1941977170
2020-04-07;PETR4;16,07;16,51;15,81;15,87;2335394811
2020-04-06;PETR4;15,53;15,58;14,69;15,26;1923721112
2020-04-03;PETR4;15,77;15,83;14,44;14,84;2189799820
2020-04-02;PETR4;14,9;16,01;14,52;15,01;3704694982
2020-04-01;PETR4;13,01;14,08;12,89;13,83;1590870399
2020-03-31;PETR4;13,16;14,07;13,16;13,53;2180449800
2020-03-30;PETR4;12,72;13,29;12,41;12,94;1471281527
2020-03-27;PETR4;12,87;13,24;12,82;12,87;1347804691
2020-03-26;PETR4;13,93;14,7;13,36;13,92;1897164195
2020-03-25;PETR4;12,81;14,31;12,41;13,85;2190487130
2020-03-24;PETR4;12,16;13,1;11,88;12,82;1477574316
2020-03-23;PETR4;11,72;11,78;10,91;11,13;1243522332
2020-03-20;PETR4;12,68;13,06;11,44;11,61;1889537741
2020-03-19;PETR4;10,71;12,64;10,5;11,81;1879160124
2020-03-18;PETR4;11,41;11,89;10,52;10,92;1854574419
2020-03-17;PETR4;13,16;13,39;12,55;12,58;1983266212
2020-03-16;PETR4;12,49;13,64;12,14;12,66;1684154606
2020-03-13;PETR4;14,61;14,9;12,29;14,9;2435798739
2020-03-12;PETR4;13,22;13,41;10,72;12,19;1905967832
2020-03-11;PETR4;16,16;16,57;14,51;15,33;2130023027
2020-03-10;PETR4;18,04;18,04;15,84;16,99;2966156647
2020-03-09;PETR4;17,23;17,64;14,91;15,53;4339259441
2020-03-06;PETR4;23,32;23,34;21,82;22,09;3216798052
2020-03-05;PETR4;25,47;25,8;23,91;24,47;1801983379
2020-03-04;PETR4;26,03;26,06;25,39;26,01;1128906036
2020-03-03;PETR4;25,71;26,59;24,92;25,2;2311434732
2020-03-02;PETR4;24,67;25,88;24,65;25,67;1875920976
2020-02-28;PETR4;24,34;24,73;23,82;24,52;2230361951
2020-02-27;PETR4;24,88;25,67;24,08;24,48;2567056467
2020-02-26;PETR4;26,16;26,5;25,18;25,36;2382449277
2020-02-21;PETR4;28,55;28,71;28,09;28,19;1399519406
2020-02-20;PETR4;29,8;29,88;28,78;28,95;2217255681
2020-02-19;PETR4;28,9;29,56;28,79;29,56;1334158551
2020-02-18;PETR4;28,11;28,8;28,01;28,78;995599312
2020-02-17;PETR4;28,67;28,8;28,36;28,4;1140199146
2020-02-14;PETR4;28,89;28,98;28,39;28,46;900765942
2020-02-13;PETR4;28,8;29,23;28,68;28,75;1647980649
2020-02-12;PETR4;28,68;29,29;28,67;29,15;1948802524
2020-02-11;PETR4;28,44;28,67;28,31;28,52;1106170281
2020-02-10;PETR4;27,95;28,18;27,71;28,18;1311167970
2020-02-07;PETR4;28,06;28,39;27,79;27,99;1585585036
2020-02-06;PETR4;27,77;28,55;27,2;28,23;3657205038
2020-02-05;PETR4;28,1;28,27;27,47;27,47;1954532761
2020-02-04;PETR4;27,72;28,09;27,63;27,7;1658729084
2020-02-03;PETR4;27,59;27,79;27,24;27,26;1119626917
2020-01-31;PETR4;27,7;27,9;27,39;27,52;1579174537
2020-01-30;PETR4;27,36;28,09;27,26;28;1264085445
2020-01-29;PETR4;28,06;28,13;27,74;27,91;1221095226
2020-01-28;PETR4;27,5;28,19;27,5;27,86;1362031513
2020-01-27;PETR4;27,7;27,71;26,77;27,12;1863998544
2020-01-24;PETR4;28,6;28,81;28,19;28,35;1084122650
2020-01-23;PETR4;28,14;28,79;27,88;28,64;1578665956
2020-01-22;PETR4;28,76;28,84;28,32;28,34;956905020
2020-01-21;PETR4;28,83;28,97;28,59;28,66;848043297
2020-01-20;PETR4;28,73;29,12;28,69;29,02;936421997
2020-01-17;PETR4;28,75;28,88;28,58;28,88;1036358681
2020-01-16;PETR4;28,64;28,73;28,38;28,56;854981650
2020-01-15;PETR4;28,93;28,96;28,58;28,59;1021085805
2020-01-14;PETR4;29,25;29,28;28,8;29,02;1193480941
2020-01-13;PETR4;29,36;29,44;29,23;29,34;930388940
2020-01-10;PETR4;29,4;29,45;29,15;29,28;769809370
2020-01-09;PETR4;29,48;29,62;29,27;29,41;1098306380
2020-01-08;PETR4;29,69;29,77;29,26;29,51;1469849247
2020-01-07;PETR4;29,82;29,87;29,48;29,69;1006115924
2020-01-06;PETR4;29,44;29,93;28,98;29,81;2513704170
2020-01-03;PETR4;29,87;30,22;29,46;29,46;2204408350
2020-01-02;PETR4;29,52;29,7;29,32;29,7;1154777493
2019-12-30;PETR4;29,56;29,71;29,17;29,2;670517763
2019-12-27;PETR4;29,69;29,91;29,3;29,53;762616469
2019-12-26;PETR4;29,25;29,58;29,17;29,56;763915163
2019-12-23;PETR4;28,87;29,17;28,72;29,17;665619197
2019-12-20;PETR4;29,26;29,26;28,71;28,94;2813103597
2019-12-19;PETR4;29,12;29,41;29,09;29,27;1213781260
2019-12-18;PETR4;28,45;29,23;28,4;29,2;1213781260
2019-12-17;PETR4;28,34;28,59;28,14;28,54;1208661705
2019-12-16;PETR4;28,74;28,85;28,12;28,12;2051655409
2019-12-13;PETR4;29,54;29,62;28,56;28,67;3172881815
2019-12-12;PETR4;29,3;29,69;29,15;29,62;1471464348
2019-12-11;PETR4;29,18;29,37;28,94;29,07;1170707749
2019-12-10;PETR4;28,78;29,11;28,59;29,11;832932873
2019-12-09;PETR4;28,98;29,15;28,8;28,89;1051015217
2019-12-06;PETR4;28,83;29,25;28,81;29,02;1349058532
2019-12-05;PETR4;28,34;29,06;28,23;28,74;1519593014
2019-12-04;PETR4;27,98;28,36;27,84;28,36;1321898279
2019-12-03;PETR4;27,89;27,91;27,47;27,71;844876946
2019-12-02;PETR4;28,11;28,21;27,8;27,8;916047295
2019-11-29;PETR4;28,2;28,27;27,74;27,88;1099104853
2019-11-28;PETR4;28,04;28,25;27,55;28,24;1360690311
2019-11-27;PETR4;28,07;28,35;27,87;28,05;972181219
2019-11-26;PETR4;28,33;28,43;27,83;27,91;1585234739
2019-11-25;PETR4;28,61;28,78;28,33;28,43;891230661
2019-11-22;PETR4;28,46;29,01;28,27;28,67;1042893732
2019-11-21;PETR4;27,67;28,54;27,62;28,54;1557099866
2019-11-19;PETR4;27,97;28,2;27,47;27,52;977725951
2019-11-18;PETR4;28,4;28,54;27,8;27,81;1600904559
2019-11-14;PETR4;28,57;28,78;27,99;28,02;1321528932
2019-11-13;PETR4;28,64;28,81;28,32;28,59;1248816002
2019-11-12;PETR4;28,73;29,27;28,7;28,71;1259895891
2019-11-11;PETR4;28,39;28,96;28,33;28,96;925033408
2019-11-08;PETR4;28,96;29,28;28,46;28,55;1865303830
2019-11-07;PETR4;28,53;29,55;28,09;29,38;2937407982
2019-11-06;PETR4;28,58;29,19;26,72;28,25;4551830728
2019-11-05;PETR4;28,92;29,1;28,13;28,2;2778937556
2019-11-04;PETR4;29,37;29,69;28,49;28,87;2465303938
2019-11-01;PETR4;29,09;29,7;28,38;28,94;3100845190
2019-10-31;PETR4;28,4;28,97;28,19;28,9;2006749765
2019-10-30;PETR4;28,31;28,61;28,02;28,6;1876177749
2019-10-29;PETR4;27,96;28,47;27,82;28,36;1472114840
2019-10-28;PETR4;27,79;28,2;27,69;28,15;1096105307
2019-10-25;PETR4;27,77;28,1;27,59;27,82;2174841813
2019-10-24;PETR4;27,72;27,82;26,85;26,93;1719038458
2019-10-23;PETR4;27,13;27,65;27,05;27,53;1320835057
2019-10-22;PETR4;26,44;27,27;26,41;27,17;1813286446
2019-10-21;PETR4;26,39;26,45;26,25;26,41;1196590005
2019-10-18;PETR4;26,52;26,62;26,25;26,25;993030879
2019-10-17;PETR4;26,56;26,63;26,24;26,3;861942421
2019-10-16;PETR4;26,2;26,6;26,02;26,56;867897372
2019-10-15;PETR4;25,97;26,51;25,97;26,25;833061999
2019-10-14;PETR4;25,71;25,99;25,62;25,97;561263270
2019-10-11;PETR4;25,61;26,02;25,61;25,92;1001213772
2019-10-10;PETR4;25,29;25,56;25,24;25,43;820248567
2019-10-09;PETR4;25,06;25,4;24,87;25,22;922147533
2019-10-08;PETR4;24,89;25,14;24,68;24,74;788559321
2019-10-07;PETR4;25,08;25,3;24,82;24,89;686213077
2019-10-04;PETR4;25,53;25,6;24,98;25,21;1263453589
2019-10-03;PETR4;25,44;25,49;24,99;25,43;1217417829
2019-10-02;PETR4;25,88;25,92;25,3;25,41;1367959331
2019-10-01;PETR4;26,25;26,37;26,02;26,16;886734556
2019-09-30;PETR4;26,21;26,28;26,06;26,2;632763725
2019-09-27;PETR4;26,2;26,58;26,17;26,3;882415183
2019-09-26;PETR4;26,06;26,34;25,89;26,34;919704130
2019-09-25;PETR4;25,7;26,01;25,47;26;783731377
2019-09-24;PETR4;26,07;26,19;25,82;25,93;996780258
2019-09-23;PETR4;25,68;26,14;25,6;26,13;887958649
2019-09-20;PETR4;26,01;26,08;25,68;25,68;1399813757
2019-09-19;PETR4;26,46;26,48;25,88;25,95;1156711309
2019-09-18;PETR4;26,03;26,14;25,88;25,88;1098155996
2019-09-17;PETR4;26,3;26,39;25,83;26,33;1847174662
2019-09-16;PETR4;26,74;26,85;26,33;26,68;4675377077
2019-09-13;PETR4;25,79;25,87;25,5;25,56;661858699
2019-09-12;PETR4;25,54;25,81;25,33;25,73;1093669867
2019-09-11;PETR4;26,01;26,01;25,51;25,55;1386700355
2019-09-10;PETR4;25,72;26,01;25,47;25,77;1191234090
2019-09-09;PETR4;25,44;25,69;25,39;25,61;998598579
2019-09-06;PETR4;25,1;25,54;24,91;25,22;1283565839
2019-09-05;PETR4;25,3;25,48;25,05;25,1;1285696730
2019-09-04;PETR4;24,88;25,08;24,72;24,97;1469170238
2019-09-03;PETR4;23,88;24,4;23,8;24,34;1206898833
2019-09-02;PETR4;24,14;24,33;24,01;24,06;480904988
2019-08-30;PETR4;24,28;24,43;23,94;24,25;1385958931
2019-08-29;PETR4;23,68;24,25;23,47;24,25;1519433786
2019-08-28;PETR4;23,01;23,49;22,94;23,38;1021467493
2019-08-27;PETR4;22,98;23,6;22,64;23,15;1706434470
2019-08-26;PETR4;23,37;23,47;22,6;22,78;918020765
2019-08-23;PETR4;23,56;24,13;23,04;23,09;1427394502
2019-08-22;PETR4;24,25;24,46;23,93;23,98;1027620671
2019-08-21;PETR4;23,16;24,71;22,99;24,2;2187168993
2019-08-20;PETR4;22,74;23;22,52;22,84;879384141
2019-08-19;PETR4;23,11;23,3;22,68;22,85;1219554443
2019-08-16;PETR4;23,51;23,55;22,72;22,74;1353582498
2019-08-15;PETR4;23,76;23,77;22,96;23,04;1302337844
2019-08-14;PETR4;24,02;24,13;23,56;23,7;1352218445
2019-08-13;PETR4;24,12;24,85;23,99;24,52;1167384847
2019-08-12;PETR4;24,49;24,49;24,13;24,23;917908614
2019-08-09;PETR4;24,84;25,21;24,66;24,83;959803429
2019-08-08;PETR4;24,66;24,89;24,43;24,89;1307639093
2019-08-07;PETR4;24,03;24,31;23,62;24,18;1702257672
2019-08-06;PETR4;24,47;24,77;24,26;24,45;1137237204
2019-08-05;PETR4;24,37;24,68;24,11;24,14;1228749533
